country,n,name_upper,name_lower,name_nonascii,name_devanagari,name_other_indic,name_latin_diacritic,name_mixed_script,name_domain,name_alias_kw,name_id_tag,name_prefix_junk,name_paren,name_digit,name_amp,name_and,name_legal,name_dblspace,name_repeat_tok,addr_null,addr_None_lit,addr_NULL_tok,addr_upper,addr_nonascii,addr_indic,addr_zip5,addr_pin6,addr_starts_digit,addr_lead_zero,addr_hno_prefix,addr_near,addr_unit,addr_fraction,addr_trailing_dash_num,addr_us_state2_last,addr_ends_state2,ncomma,nlen,alen,ntok,split,src
France,259452,0.0,0.0001,0.1572,0.0,0.0,0.1572,0.0,0.0,0.0002,0.0,0.0006,0.0801,0.0077,0.0594,0.0002,0.6318,0.0,0.0006,0.0,0.0,0.0,0.0,0.2827,0.0,0.0039,0.0002,0.8601,0.0005,0.0,0.0,0.0015,0.0,0.0,0.0,0.0,2.04,19.4,50.1,3.11,test,S1
France,703378,0.2081,0.0655,0.2454,0.0,0.0,0.2454,0.0,0.0349,0.0001,0.0,0.009,0.0866,0.0111,0.0587,0.011,0.5243,0.0911,0.0007,0.0306,0.0,0.0,0.2898,0.2405,0.0,0.005,0.0002,0.6693,0.0336,0.0505,0.0,0.0015,0.0,0.0,0.0,0.0002,1.64,21.1,39.5,3.19,test,S2
France,731615,0.0561,0.0662,0.2394,0.0,0.0,0.2394,0.0,0.0343,0.0164,0.0,0.0085,0.0848,0.0111,0.0571,0.0105,0.5165,0.0795,0.0006,0.0294,0.0,0.0,0.0,0.2432,0.0,0.0051,0.0002,0.6768,0.0322,0.0481,0.0,0.0015,0.0,0.0,0.0,0.0,1.66,21.1,40.0,3.19,test,S3
India,809986,0.0,0.0,0.0,0.0,0.0,0.0,0.0,0.0,0.0002,0.0,0.0015,0.0516,0.0013,0.0426,0.0001,0.8531,0.0,0.0015,0.0,0.0,0.0,0.0,0.0006,0.0,0.0026,0.0034,0.2572,0.016,0.4308,0.1341,0.2063,0.0001,0.0018,0.0,0.0,4.66,26.4,77.7,3.74,test,S1
India,2312565,0.1412,0.0379,0.2761,0.1337,0.1027,0.0398,0.0089,0.0275,0.0001,0.005,0.0151,0.0722,0.0288,0.0338,0.0013,0.5971,0.0973,0.0193,0.0228,0.0,0.0074,0.24,0.2385,0.2381,0.0104,0.0114,0.1832,0.0385,0.5071,0.1153,0.1818,0.0001,0.0115,0.0001,0.0007,3.89,28.3,68.7,3.92,test,S2
India,2405000,0.0247,0.046,0.1821,0.0753,0.058,0.0488,0.0166,0.0296,0.0154,0.0054,0.0162,0.0751,0.0317,0.0331,0.0013,0.6709,0.1033,0.0209,0.0246,0.0,0.0071,0.0004,0.2292,0.2289,0.0096,0.0109,0.1803,0.0355,0.4812,0.0865,0.1452,0.0001,0.0092,0.5813,0.5813,3.75,27.9,59.4,3.9,test,S3
India,883188,0.0,0.0,0.0,0.0,0.0,0.0,0.0,0.0,0.0002,0.0,0.0014,0.0515,0.0012,0.0429,0.0001,0.8536,0.0,0.0015,0.0,0.0,0.0,0.0,0.0006,0.0,0.0027,0.0033,0.258,0.0155,0.4314,0.1342,0.2064,0.0001,0.0018,0.0,0.0,4.66,26.4,77.7,3.74,train,S1
India,2017799,0.1494,0.0437,0.2787,0.1335,0.1016,0.0437,0.0092,0.034,0.0001,0.0053,0.0167,0.0727,0.031,0.0337,0.0014,0.5825,0.1004,0.0203,0.0287,0.0,0.0073,0.2387,0.2371,0.2367,0.0107,0.0112,0.181,0.0384,0.4936,0.1147,0.181,0.0001,0.011,0.0001,0.0007,3.87,27.4,68.2,3.81,train,S2
India,2115547,0.0258,0.0522,0.1849,0.0747,0.057,0.0532,0.0165,0.0365,0.0192,0.0056,0.0178,0.0749,0.0337,0.0327,0.0013,0.6519,0.1054,0.0216,0.0307,0.0,0.0069,0.0004,0.2253,0.2249,0.01,0.0107,0.1788,0.0353,0.466,0.0871,0.1453,0.0001,0.0086,0.5713,0.5713,3.73,27.0,59.1,3.79,train,S3
US,663106,0.0,0.0,0.0,0.0,0.0,0.0,0.0,0.0,0.0001,0.0004,0.0014,0.0,0.0259,0.0558,0.0429,0.5795,0.0,0.0019,0.0,0.0,0.0,0.0,0.0,0.0,0.1082,0.0056,0.8601,0.0006,0.0002,0.0001,0.1413,0.0012,0.0,0.8636,0.8636,2.16,22.5,35.0,3.42,test,S1
US,1871330,0.2042,0.0599,0.0625,0.0,0.0,0.0625,0.0,0.0363,0.0001,0.0068,0.023,0.0333,0.0618,0.0476,0.0385,0.585,0.1128,0.0258,0.0294,0.0,0.0096,0.9048,0.0,0.0,0.1034,0.0177,0.7461,0.0509,0.0002,0.0001,0.0169,0.0207,0.02,0.8404,0.8627,2.01,24.3,31.8,3.59,test,S2
US,1945701,0.032,0.0631,0.0639,0.0,0.0,0.0639,0.0,0.0348,0.0248,0.0066,0.0226,0.0344,0.0607,0.0472,0.0382,0.5759,0.1095,0.0248,0.0284,0.0,0.0093,0.0,0.0,0.0,0.1041,0.0173,0.7484,0.0489,0.0002,0.0001,0.0853,0.0201,0.019,0.0335,0.0336,2.13,24.6,38.8,3.64,test,S3
US,1323633,0.0,0.0,0.0,0.0,0.0,0.0,0.0,0.0,0.0001,0.0004,0.0014,0.0,0.0261,0.0559,0.0433,0.5799,0.0,0.0019,0.0,0.0,0.0,0.0,0.0,0.0,0.1082,0.0057,0.8597,0.0005,0.0001,0.0001,0.1409,0.0012,0.0,0.8639,0.864,2.16,22.5,35.0,3.42,train,S1
US,3016817,0.2155,0.0669,0.067,0.0,0.0,0.067,0.0,0.044,0.0001,0.0073,0.025,0.0347,0.064,0.0468,0.0383,0.5454,0.1166,0.0266,0.0368,0.0,0.0096,0.8981,0.0,0.0,0.1013,0.0173,0.73,0.0498,0.0002,0.0001,0.0168,0.0204,0.0197,0.8334,0.8556,2.0,23.6,31.5,3.47,train,S2
US,3170056,0.032,0.0695,0.068,0.0,0.0,0.068,0.0,0.0422,0.0304,0.0068,0.0241,0.0351,0.063,0.0466,0.0377,0.536,0.1113,0.0253,0.035,0.0,0.0091,0.0,0.0,0.0,0.1017,0.0169,0.7342,0.0477,0.0002,0.0001,0.0852,0.0196,0.0188,0.0411,0.0412,2.12,24.0,38.4,3.53,train,S3
