country,method,max_df,min_keep,nnz_M,build_s,ms_per_q,full_R_hours,work_mean_k,R@1,R@5,R@10,R@20,R@50,top1s_pos,top1s_neg
US,A_w,0,0,7.6,4.6,2.47,4.24,225.3,0.7822,0.8967,0.9167,0.9254,0.9332,0.856,0.619
US,A_w,20000,3,7.6,4.6,0.412,0.71,14.4,0.7728,0.8893,0.9109,0.9204,0.9291,0.826,0.587
US,A_w,5000,3,7.6,4.6,0.208,0.36,9.2,0.7611,0.88,0.9025,0.9129,0.9228,0.792,0.567
US,NA_w,0,0,11.1,4.0,2.837,4.88,247.4,0.9464,0.9736,0.9805,0.985,0.9899,0.862,0.649
US,NA_w,20000,4,11.1,4.0,0.62,1.07,20.0,0.9426,0.9718,0.979,0.9839,0.9893,0.824,0.612
US,NA_w,5000,4,11.1,4.0,0.249,0.43,8.6,0.9284,0.967,0.9752,0.9815,0.9879,0.748,0.532
US,A_c3,5000,8,43.2,5.0,0.946,1.63,30.7,0.6504,0.7855,0.8168,0.8359,0.8531,0.394,0.331
US,A_c3,20000,8,43.2,5.0,5.137,8.83,121.9,0.7592,0.867,0.8875,0.8982,0.9082,0.584,0.482
US,N_c3,5000,8,25.7,9.2,2.082,3.58,62.3,0.4206,0.625,0.6863,0.7391,0.8103,0.589,0.505
US,N_c3,20000,8,25.7,9.2,3.343,5.75,110.0,0.484,0.6915,0.7473,0.7923,0.8574,0.71,0.636
India,A_w,0,0,9.2,5.7,4.936,5.67,422.1,0.7631,0.8366,0.8516,0.8649,0.8802,0.904,0.784
India,A_w,20000,3,9.2,5.7,0.844,0.97,26.0,0.7471,0.8292,0.8445,0.8573,0.8738,0.838,0.724
India,A_w,5000,3,9.2,5.7,0.335,0.38,13.6,0.7178,0.8138,0.8326,0.8477,0.8671,0.76,0.661
India,NA_w,0,0,11.0,4.2,5.822,6.68,439.7,0.876,0.9224,0.9353,0.9469,0.9597,0.867,0.737
India,NA_w,20000,4,11.0,4.2,1.083,1.24,32.7,0.8669,0.9161,0.9296,0.9419,0.9551,0.811,0.683
India,NA_w,5000,4,11.0,4.2,0.416,0.48,14.1,0.8468,0.9045,0.9202,0.9341,0.949,0.724,0.609
India,A_c3,5000,8,58.9,10.6,1.202,1.38,35.6,0.6713,0.7823,0.8067,0.8266,0.8506,0.339,0.293
India,A_c3,20000,8,58.9,10.6,5.171,5.94,161.2,0.7718,0.8448,0.8599,0.8706,0.8864,0.549,0.462
India,N_c3,5000,8,13.9,2.7,1.313,1.51,44.3,0.3364,0.4993,0.5491,0.5975,0.6777,0.614,0.526
India,N_c3,20000,8,13.9,2.7,3.097,3.56,93.7,0.4047,0.5574,0.5989,0.6414,0.7275,0.726,0.645
