country,method,ms_per_q,full_R_h,R@1,R@5,R@10,R@20,R@50,R@50_noaddr
US,NA2|20000|4,0.686,1.18,0.9485,0.9757,0.9814,0.9856,0.9906,0.8458
US,NA2|5000|4,0.481,0.83,0.9406,0.9739,0.9799,0.9845,0.99,0.8458
US,NAS2|20000|5,1.287,2.21,0.9526,0.9781,0.9835,0.9878,0.9923,0.8818
US,NAS2|5000|5,0.453,0.78,0.9458,0.9765,0.9823,0.9869,0.9919,0.8808
US,N_c3ns|20000|8,2.955,5.08,0.5011,0.7033,0.7506,0.7942,0.8562,0.8911
US,NS|None|0,0.774,1.33,0.4783,0.6564,0.6998,0.7427,0.8041,0.8921
India,NA2|20000|4,1.132,1.3,0.8762,0.9255,0.9386,0.9514,0.9642,0.7392
India,NA2|5000|4,0.469,0.54,0.8648,0.921,0.9355,0.9487,0.9623,0.7392
India,NAS2|20000|5,1.303,1.5,0.9003,0.9445,0.9564,0.9665,0.9769,0.8171
India,NAS2|5000|5,0.512,0.59,0.8855,0.9375,0.9514,0.963,0.9738,0.8096
India,N_c3ns|20000|8,2.113,2.43,0.4088,0.5562,0.5944,0.6344,0.7157,0.8937
India,NS|None|0,0.632,0.73,0.3938,0.5302,0.5709,0.6172,0.7195,0.9172
