country,method,trig_frac,R_union,cand_mean
US,U[10]+N_c3ns|20000|8[10] tau=0.0,0.034,0.987,10.2
US,U[10]+N_c3ns|20000|8[10] tau=0.5,0.114,0.9891,11.0
US,U[10]+N_c3ns|20000|8[10] tau=0.6,0.189,0.9897,11.6
US,U[10]+N_c3ns|20000|8[10] tau=0.7,0.318,0.9898,12.6
US,U[10]+N_c3ns|20000|8[10] tau=0.8,0.508,0.9898,14.1
US,U[10]+N_c3ns|20000|8[10] tau=2.0,1.0,0.9898,17.7
US,U[20]+N_c3ns|20000|8[10] tau=0.0,0.034,0.99,20.2
US,U[20]+N_c3ns|20000|8[10] tau=0.5,0.114,0.9916,20.9
US,U[20]+N_c3ns|20000|8[10] tau=0.6,0.189,0.9919,21.5
US,U[20]+N_c3ns|20000|8[10] tau=0.7,0.318,0.992,22.4
US,U[20]+N_c3ns|20000|8[10] tau=0.8,0.508,0.992,23.8
US,U[20]+N_c3ns|20000|8[10] tau=2.0,1.0,0.992,27.1
US,U[20]+N_c3ns|20000|8[20] tau=0.0,0.034,0.9911,20.5
US,U[20]+N_c3ns|20000|8[20] tau=0.5,0.114,0.9928,21.9
US,U[20]+N_c3ns|20000|8[20] tau=0.6,0.189,0.9931,23.2
US,U[20]+N_c3ns|20000|8[20] tau=0.7,0.318,0.9932,25.3
US,U[20]+N_c3ns|20000|8[20] tau=0.8,0.508,0.9932,28.3
US,U[20]+N_c3ns|20000|8[20] tau=2.0,1.0,0.9932,35.8
US,U[50]+N_c3ns|20000|8[20] tau=0.0,0.034,0.9943,50.4
US,U[50]+N_c3ns|20000|8[20] tau=0.5,0.114,0.9954,51.7
US,U[50]+N_c3ns|20000|8[20] tau=0.6,0.189,0.9956,52.8
US,U[50]+N_c3ns|20000|8[20] tau=0.7,0.318,0.9956,54.6
US,U[50]+N_c3ns|20000|8[20] tau=0.8,0.508,0.9956,57.2
US,U[50]+N_c3ns|20000|8[20] tau=2.0,1.0,0.9956,63.6
US,U[10]+NS|None|0[10] tau=0.0,0.034,0.9859,10.2
US,U[10]+NS|None|0[10] tau=0.5,0.114,0.9859,10.7
US,U[10]+NS|None|0[10] tau=0.6,0.189,0.9859,11.1
US,U[10]+NS|None|0[10] tau=0.7,0.318,0.9859,11.9
US,U[10]+NS|None|0[10] tau=0.8,0.508,0.9859,13.0
US,U[10]+NS|None|0[10] tau=2.0,1.0,0.9859,15.8
US,U[20]+NS|None|0[10] tau=0.0,0.034,0.9889,20.1
US,U[20]+NS|None|0[10] tau=0.5,0.114,0.989,20.5
US,U[20]+NS|None|0[10] tau=0.6,0.189,0.989,20.9
US,U[20]+NS|None|0[10] tau=0.7,0.318,0.989,21.5
US,U[20]+NS|None|0[10] tau=0.8,0.508,0.989,22.4
US,U[20]+NS|None|0[10] tau=2.0,1.0,0.989,24.5
US,U[20]+NS|None|0[20] tau=0.0,0.034,0.9899,20.4
US,U[20]+NS|None|0[20] tau=0.5,0.114,0.9899,21.3
US,U[20]+NS|None|0[20] tau=0.6,0.189,0.9899,22.1
US,U[20]+NS|None|0[20] tau=0.7,0.318,0.9899,23.6
US,U[20]+NS|None|0[20] tau=0.8,0.508,0.9899,25.7
US,U[20]+NS|None|0[20] tau=2.0,1.0,0.9899,31.3
US,U[50]+NS|None|0[20] tau=0.0,0.034,0.9933,50.2
US,U[50]+NS|None|0[20] tau=0.5,0.114,0.9934,50.9
US,U[50]+NS|None|0[20] tau=0.6,0.189,0.9934,51.5
US,U[50]+NS|None|0[20] tau=0.7,0.318,0.9934,52.5
US,U[50]+NS|None|0[20] tau=0.8,0.508,0.9934,54.0
US,U[50]+NS|None|0[20] tau=2.0,1.0,0.9934,57.5
India,U[10]+N_c3ns|20000|8[10] tau=0.0,0.028,0.9616,10.2
India,U[10]+N_c3ns|20000|8[10] tau=0.5,0.157,0.9655,11.4
India,U[10]+N_c3ns|20000|8[10] tau=0.6,0.246,0.9677,12.2
India,U[10]+N_c3ns|20000|8[10] tau=0.7,0.359,0.9683,13.2
India,U[10]+N_c3ns|20000|8[10] tau=0.8,0.516,0.9685,14.6
India,U[10]+N_c3ns|20000|8[10] tau=2.0,1.0,0.9685,18.6
India,U[20]+N_c3ns|20000|8[10] tau=0.0,0.028,0.9698,20.2
India,U[20]+N_c3ns|20000|8[10] tau=0.5,0.157,0.9726,21.4
India,U[20]+N_c3ns|20000|8[10] tau=0.6,0.246,0.974,22.2
India,U[20]+N_c3ns|20000|8[10] tau=0.7,0.359,0.9743,23.1
India,U[20]+N_c3ns|20000|8[10] tau=0.8,0.516,0.9744,24.4
India,U[20]+N_c3ns|20000|8[10] tau=2.0,1.0,0.9744,28.2
India,U[20]+N_c3ns|20000|8[20] tau=0.0,0.028,0.9707,20.4
India,U[20]+N_c3ns|20000|8[20] tau=0.5,0.157,0.9738,22.9
India,U[20]+N_c3ns|20000|8[20] tau=0.6,0.246,0.9754,24.5
India,U[20]+N_c3ns|20000|8[20] tau=0.7,0.359,0.9756,26.5
India,U[20]+N_c3ns|20000|8[20] tau=0.8,0.516,0.9758,29.3
India,U[20]+N_c3ns|20000|8[20] tau=2.0,1.0,0.9758,37.5
India,U[50]+N_c3ns|20000|8[20] tau=0.0,0.028,0.9793,50.4
India,U[50]+N_c3ns|20000|8[20] tau=0.5,0.157,0.9812,52.7
India,U[50]+N_c3ns|20000|8[20] tau=0.6,0.246,0.9821,54.2
India,U[50]+N_c3ns|20000|8[20] tau=0.7,0.359,0.9823,56.1
India,U[50]+N_c3ns|20000|8[20] tau=0.8,0.516,0.9825,58.7
India,U[50]+N_c3ns|20000|8[20] tau=2.0,1.0,0.9825,66.2
India,U[10]+NS|None|0[10] tau=0.0,0.028,0.9612,10.2
India,U[10]+NS|None|0[10] tau=0.5,0.157,0.9626,11.1
India,U[10]+NS|None|0[10] tau=0.6,0.246,0.9634,11.8
India,U[10]+NS|None|0[10] tau=0.7,0.359,0.9636,12.6
India,U[10]+NS|None|0[10] tau=0.8,0.516,0.9637,13.7
India,U[10]+NS|None|0[10] tau=2.0,1.0,0.9637,17.1
India,U[20]+NS|None|0[10] tau=0.0,0.028,0.9695,20.1
India,U[20]+NS|None|0[10] tau=0.5,0.157,0.9702,21.0
India,U[20]+NS|None|0[10] tau=0.6,0.246,0.9707,21.5
India,U[20]+NS|None|0[10] tau=0.7,0.359,0.9708,22.3
India,U[20]+NS|None|0[10] tau=0.8,0.516,0.9708,23.2
India,U[20]+NS|None|0[10] tau=2.0,1.0,0.9708,26.1
India,U[20]+NS|None|0[20] tau=0.0,0.028,0.9706,20.3
India,U[20]+NS|None|0[20] tau=0.5,0.157,0.9717,22.2
India,U[20]+NS|None|0[20] tau=0.6,0.246,0.9721,23.4
India,U[20]+NS|None|0[20] tau=0.7,0.359,0.9722,25.0
India,U[20]+NS|None|0[20] tau=0.8,0.516,0.9724,27.2
India,U[20]+NS|None|0[20] tau=2.0,1.0,0.9724,33.9
India,U[50]+NS|None|0[20] tau=0.0,0.028,0.9791,50.2
India,U[50]+NS|None|0[20] tau=0.5,0.157,0.9795,51.7
India,U[50]+NS|None|0[20] tau=0.6,0.246,0.9796,52.7
India,U[50]+NS|None|0[20] tau=0.7,0.359,0.9797,54.0
India,U[50]+NS|None|0[20] tau=0.8,0.516,0.9798,55.8
India,U[50]+NS|None|0[20] tau=2.0,1.0,0.9798,61.0
